Title,Price,Type
"Сыр п/тв. ""Брест-Литовск гранд классический"" 45% вес РБ,21.27 руб./кг
Сыр п/тв. ""Брест-Литовск гранд сливочный"" 50% вес Савушка,24.32 руб./кг
Сыр п/тв Тильзитер жир 45% вес Воложин,18.67 руб./кг
Сыр п/тв Гауда жир 45% вес Молодея,18.64 руб./кг
Сыр Чечил копченый 100г,6.73 руб./шт
Сыр Косичка сырная копченая 100г,7.06 руб./шт
Сыр Косичка сырная 100г,6.62 руб./шт
Сыр п/тв «Чечил» копч косичка жир 45 % пакет фас вес вакуум Бабушкина крынка,30.75 руб./кг
Сыр п/тв Российский молодой жир. 50% вес (евроблок) Слуцк,20.06 руб./кг
Сыр п/тв «Славянский» с массовой долей жира в сухом веществе 50 % фасованный, 180 г",3.90 руб./шт,сыр
"Сыр мягкий со вкусом креветки 60% 150г Беллакт,3.28 руб./шт
Сыр мягкий с чесноком 60% 150г Беллакт,3.28 руб./шт
Сыр мягкий с грибами 60% 150г Беллакт,3.28 руб./шт
Сыр мягкий Сливочный 60% 150г Беллакт,3.28 руб./шт
Сыр Камамбер Natura selection cыр с белой плесенью 50% 125г Arla,13.54 руб./шт
Сыр Бри Natura selection с белой плесенью 60% 125г Arla,13.54 руб./шт
Сыр мягкий ""Camembert"" 45% 125г,9.82 руб./шт
Сыр мягкий ""Brie"" 60% 125г,9.82 руб./шт
Сыр мягкий с голубой плесенью Сливочный Bluz жир 60 % фольга вес,80.40 руб./кг
Cыр мягкий с голубой плесенью «TEMPLIER» жир. 55,0 % вес",39.71 руб./кг,сыр
"Сыр сливочный Burёnka club Сербский 60% натуральный 150г,5.30 руб./шт
Сыр творожный Cream Nuvo Огурец-зелень 65% 170г,3.17 руб./шт
Сыр творожный Кремчиз Зелень 65% 140г Bonfesto,3.37 руб./шт
Сыр творожный Кремчиз Грибы 65% 140г Bonfesto,3.37 руб./шт
Сыр творожный Кремчиз сливочный 70% 400г Bonfesto,7.15 руб./шт
Сыр творожный Кремчиз 70%  400г Bonfesto,6.74 руб./шт
Сыр мягкий зелень-чеснок жир. 70% вес 120г Венский завтрак,2.80 руб./шт
Сыр творож. ""Кремчиз воздушный"" с наполнителем ""Со вкусом прошутто и грибами "" 65% 125г Bonfesto,2.99 руб./шт
Сыр творож. ""Кремчиз воздушный"" с наполнителем ""Песто и базилик"" 65% 125г Bonfesto,2.99 руб./шт
Сыр творож. ""Кремчиз воздушный"" с наполнителем ""Вяленые томаты"" 65% 125г Bonfesto",2.99 руб./шт,сыр
"Сыр рассольный Burёnka club Сербская Брынза 45% мягкий 260г,9.78 руб./шт
Сыр рассольный Traditional 52,5% 500г Arla,10.96 руб./шт
Продукт Рассольный Arla Apetina Soft 52,5% 500г Египет,9.67 руб./шт
Сыр рассол копч Сочинский 40% (косичка) 100г Сибирский Барс,5.60 руб./шт
Сыр мягкий ""Фету"" Кинза-чеснок жир 45 % 0,25 кг Аристей,4.27 руб./шт
Антипасти: красный перчик, фарш мягким сливочным сыром в масле т.м. “BURЁNKA CLUB”, п/бан  150 г  фарш перчиков 75 г,11.54 руб./шт
Сыр рассол Спагетти-Саргуль копч 100г СибБарС,5.60 руб./шт
Сыр рассольный ""Брынза Sveza"" массовой долей жира в сухом веществе 45,0%, мультивак 200 г,3.21 руб./шт
Сыр мягкий Свежа Моцарелла миди 45% шарики 150г в заливке 300г,3.40 руб./шт
Продукт рассольный смешанного состава CИРТАКИ ДЛЯ ГРЕЧЕСКОГО САЛАТА ORIGINAL жир. 55% вес 500г",13.24 руб./шт,сыр
"Сыр плавленый Львиное сердце козий ломтевой 50% 90г Foodland
Сыр плавленый Львиное сердце ломтевой 50% 90г Foodland
Cыр плавленый Янтарь фольга 60% 90г Ласкокое лето
Продукт плав с сыром CHEECORN Патроны коп со вкусом Бекон 45% 20г Копченкин
Продукт плав с сыром CHEECORN Соломка коп со вкусом Томат с базиликом 40% 20г Копченкин
Сыр плавленый Пингвин 50% 125г Ле Шале
Продукт плавленый ЖУЛЬЕН С КУРИЦЕЙ И ГРИБАМИ жир. 50% 150г Хуторской
Продукт плавленый ""Лазанья"" жир. 30% 150г Хуторской
Сыр плавленый ""ВИТАКО"", ""ГАУДА"", жир 50 %, 200 гр.
Сыр плавленый с кусочками бекона ,т.зн.""Ле Шале""  125г  жир 60%,",3.25 руб./шт3.24 руб./шт1.35 руб./шт2.39 руб./шт2.39 руб./шт3.38 руб./шт2.80 руб./шт2.80 руб./шт5.99 руб./шт2.74 руб./шт,сыр
